2020-12-11 21:17:13,595;DEBUG;count of args :: 0
2020-12-11 21:18:28,766;DEBUG;count of args :: 0
2020-12-11 21:20:28,860;DEBUG;count of args :: 0
2020-12-11 21:33:05,298|DEBUG|count of args :: 0
2020-12-11 21:33:05,442|DEBUG|None
2020-12-11 21:38:14,221|DEBUG|count of args :: 1
2020-12-11 21:38:19,367|DEBUG|None
2020-12-11 21:39:28,672|DEBUG|count of args :: 1
2020-12-11 21:39:28,809|DEBUG|None
2020-12-11 21:39:41,312|DEBUG|count of args :: 2
2020-12-11 21:39:41,521|DEBUG|None
2020-12-11 21:40:14,383|DEBUG|count of args :: 2
2020-12-11 21:40:14,513|DEBUG|None
2020-12-11 21:42:18,264|DEBUG|count of args :: 2
2020-12-11 23:02:20,644|DEBUG|count of args :: 2
2020-12-11 23:02:20,796|DEBUG|None
2020-12-11 23:07:19,593|DEBUG|count of args :: 2
2020-12-11 23:08:15,404|DEBUG|count of args :: 2
2020-12-11 23:08:15,624|DEBUG|None
2020-12-11 23:14:09,671|DEBUG|count of args :: 2
2020-12-11 23:14:14,946|DEBUG|None
2020-12-12 08:10:05,940|DEBUG|count of args :: 2
2020-12-12 08:10:06,234|DEBUG|None
2020-12-12 08:44:09,070|DEBUG|count of args :: 4
2020-12-12 08:45:02,035|DEBUG|count of args :: 4
2020-12-12 08:45:02,583|DEBUG|None
2020-12-12 09:48:05,620|DEBUG|count of args :: 4
2020-12-12 09:48:05,775|DEBUG|None
2020-12-12 10:04:15,033|DEBUG|count of args :: 4
2020-12-12 10:05:14,895|DEBUG|count of args :: 4
2020-12-12 10:09:10,183|DEBUG|count of args :: 4
2020-12-12 10:09:10,330|DEBUG|None
2020-12-12 10:22:10,982|DEBUG|count of args :: 4
2020-12-12 10:22:11,204|DEBUG|None
2020-12-12 10:23:53,819|DEBUG|count of args :: 4
2020-12-12 10:23:59,042|DEBUG|None
2020-12-12 10:25:10,092|DEBUG|count of args :: 4
2020-12-12 10:25:10,267|DEBUG|None
2020-12-12 10:26:13,714|DEBUG|count of args :: 4
2020-12-12 10:26:13,949|DEBUG|None
2020-12-12 10:28:13,382|DEBUG|count of args :: 4
2020-12-12 10:29:01,140|DEBUG|count of args :: 4
2020-12-12 10:32:01,107|DEBUG|count of args :: 4
2020-12-12 10:34:15,062|DEBUG|count of args :: 4
2020-12-12 10:34:15,797|DEBUG|None
2020-12-12 10:36:31,440|DEBUG|count of args :: 4
2020-12-12 10:37:50,045|DEBUG|count of args :: 4
2020-12-12 10:40:41,268|DEBUG|count of args :: 4
2020-12-12 10:40:46,672|DEBUG|None
2020-12-12 10:42:31,668|DEBUG|count of args :: 4
2020-12-12 10:44:39,959|DEBUG|count of args :: 4
2020-12-12 10:45:58,794|DEBUG|count of args :: 4
2020-12-12 10:46:59,667|DEBUG|count of args :: 4
2020-12-12 10:50:12,474|DEBUG|count of args :: 4
2020-12-12 11:12:05,966|DEBUG|count of args :: 4
2020-12-12 11:13:15,650|DEBUG|count of args :: 4
2020-12-12 11:13:43,415|DEBUG|count of args :: 4
2020-12-12 11:16:38,846|DEBUG|count of args :: 4
2020-12-12 11:16:44,310|DEBUG|None
